番号,店舗名,ブランド,住所,電話番号,営業時間,定休日,市町,最寄駅,経路,JR片道運賃,現地移動費,片道交通費,往復交通費,所要時間目安（片道）
1,ソフトバンク安曇川,ソフトバンク,滋賀県高島市安曇川町西万木55 平和堂新あどがわ内,0740-32-6888,10:00-19:00,第3水曜,高島市,JR安曇川,衣摺加美北→大阪→京都→（湖西線）安曇川,1980,0,1980,3960,約2時間5分
2,ソフトバンクイオンタウン彦根,ソフトバンク,滋賀県彦根市古沢町255-1 イオンタウン彦根1F,0749-27-7601,10:00-19:00（受付終了18:30）,年中無休,彦根市,JR彦根,衣摺加美北→大阪→（琵琶湖線）彦根,2310,0,2310,4620,約2時間10分
3,ソフトバンク彦根,ソフトバンク,滋賀県彦根市戸賀町92,0749-21-3722,10:00-19:00（受付終了18:30）,年中無休,彦根市,JR彦根,衣摺加美北→大阪→（琵琶湖線）彦根,2310,0,2310,4620,約2時間
4,ワイモバイルアル・プラザ近江八幡,ワイモバイル,滋賀県近江八幡市桜宮町202-1 アル・プラザ近江八幡1F,0748-36-1337,10:00-20:00,年中無休,近江八幡市,JR近江八幡,衣摺加美北→大阪→（琵琶湖線）近江八幡,1980,0,1980,3960,約2時間
5,ワイモバイルアル・プラザ堅田,ワイモバイル,滋賀県大津市本堅田5-20-10 アル・プラザ堅田1F,077-571-0510,10:00-20:00,年中無休,大津市,JR堅田,衣摺加美北→大阪→京都→（湖西線）堅田,1340,0,1340,2680,約1時間45分
6,ソフトバンクピエリ守山,ソフトバンク,滋賀県守山市今浜町2620-5 ピエリ守山内,077-585-8921,10:00-20:00,年中無休,守山市,JR守山＋バス,衣摺加美北→大阪→守山→近江鉄道バス木の浜線,1520,520,2040,4080,約2時間15分
7,ソフトバンク草津エイスクエア,ソフトバンク,滋賀県草津市西渋川1-23-110 SARA東館&パーキング,077-569-1750,10:00-20:00,年中無休,草津市,JR草津,衣摺加美北→大阪→（琵琶湖線）草津,1340,0,1340,2680,約1時間35分
8,ソフトバンク南草津駅前,ソフトバンク,滋賀県草津市野路1-14-38 サンマール南草津104,077-566-7161,10:00-19:00（受付終了18:45）,年中無休,草津市,JR南草津,衣摺加美北→大阪→（琵琶湖線）南草津,1340,0,1340,2680,約1時間30分
9,ソフトバンクフォレオ大津一里山,ソフトバンク,滋賀県大津市一里山7-1-1 フォレオ大津一里山2F,077-544-1888,10:00-20:00,年中無休,大津市,JR瀬田,衣摺加美北→大阪→（琵琶湖線）瀬田,1340,0,1340,2680,約1時間45分
